{"psnr": 24.692855753217426, "ssim": 0.8311523407697677, "lpips": 0.1446727435237595, "encoder": [140, 0.1476461683000837], "decoder": [7000, 0.002056701762335641]}